prompt,urls
The No Limits Business Woman Podcast,https://onlinecoach1.hipcast.com/albumart/1000_1618923228.jpg
Full body U-Zip main opening - Full body U-Zip main opening on front of bag for easy unloading when you get to camp,https://eu.gregorypacks.com/on/demandware.static/-/Library-Sites-gregory-content-library/en_SK/v1606883040757/images/seo-content/greg_freefloat-features/product-highlight_freefloat-features_full-body-u-zip-main-opening-front_111594.jpg
Mothers influence on her young hippo,https://bridgepoint.hipcast.com/albumart/1255_1611128821.jpg
"""Watch: Passion Pit's New Video, """"Lifted Up (1985)""""""",http://cdn.pastemagazine.com/www/articles/LiftedUpPassionPitLead.png?635631739914404090
Talks on the Precepts and Buddhist Ethics,https://kargetsi.hipcast.com/albumart/1002_1412114076.jpg
Sony Won't Release <i>The Interview</i> on VOD,http://cdn.pastemagazine.com/www/articles/theinterviewlead.jpg?635544845263589183
<i>I Am Chris Farley</i> Documentary Releases First Trailer,http://cdn.pastemagazine.com/www/articles/chrisfarley_lead.jpg?635714111027175372
<em>South Park: The Stick of Truth</em> Review (Multi-Platform),http://cdn.pastemagazine.com/www/articles/south%20park%20stick%20of%20truth%20square.jpg?635299191297936569
<i>X-Men: Days of Future Past</i> Director Joins Vince Gilligan's <i>Battle Creek</i> Pilot,http://cdn.pastemagazine.com/www/articles/xmen_Lead.jpg?635302258433891622
Insights with Laura Powers,https://healingpowers.hipcast.com/albumart/1002_1574160114.jpg
"As Punisher Joins <i>Daredevil</i> Season Two, Who Will the New Villain Be?",http://cdn.pastemagazine.com/www/articles/Daredevil.jpg?635715723368404272
Aretha Franklin Files $10 Million Suit Over Patti LaBelle Fight Story On Satire Website,http://cdn.pastemagazine.com/www/articles/ArethaPattiFightLead.jpg?635336007908858997
Hawkgirl Cast in <i>Arrow</i>/<i>Flash</i> Spinoff Series For The CW,http://cdn.pastemagazine.com/www/articles/GalleryChar_1900x900_Hawkgirl_52ab8e9dcba602.76541875.jpg?635634067326687289
Here's What You Need to Know About St. Vincent's Apple Music Radio Show,http://cdn.pastemagazine.com/www/articles/St.%20Vincent%20Lead.jpg?635713041884767471
Daniel Radcliffe Dons a Beard and Saggy Jeans in Trailer for BBC GTA Miniseries <i>The Gamechangers</i>,http://cdn.pastemagazine.com/www/articles/GCDanielRadcliffeLead.png?635769102760421170
The Happy Scientist,https://bitesize.hipcast.com/albumart/1007_1601032671.jpg
The Health Mastery Café with Dr. Dave,https://hmcafe.hipcast.com/albumart/1001_1498140766.jpg
"""""""Listen to The Dead Weather's New Song, """"""""Buzzkill(er)""""""""""""""",http://cdn.pastemagazine.com/www/articles/deadWeatherSquare.jpg?635503291725589572
There's a <i>Mrs. Doubtfire</i> Sequel in the Works,http://cdn.pastemagazine.com/www/articles/Doubtfire_Lead.jpg?635336088645615725
DC All Stars podcast,https://taylornetwork.hipcast.com/albumart/1042_1621207889.jpg
35 Possible Titles for the <i>Mrs. Doubtfire</i> Sequel,http://cdn.pastemagazine.com/www/articles/Doubtfire_Lead.jpg?635333416831236547
"""Listen to The Dead Weather's New Song, """"Buzzkill(er)""""""",http://cdn.pastemagazine.com/www/articles/deadWeatherSquare.jpg?635503052761724555
Rambo 5 und Rocky Spin-Off - Sylvester Stallone gibt Updates,https://www.movie-infos.net/cms/FileDownload/60-Sylvester-Stallone/?s=789406fd9f7cc06909087d8b24dc08eefc07f48f
"Anna Kendrick is Writing a Collection of Funny, Personal Essays",http://cdn.pastemagazine.com/www/articles/Anna_Kendrick_March_22%2C_2014_%28cropped%29.jpg?635650297562336965
Breaking Down the $12 in Your Six-Pack of Craft Beer,http://cdn.pastemagazine.com/www/articles/beer%20five%20points%20bottle%20shop.jpg?635466197548621059
<i>It's Always Sunny</i> Gang Will Turn Your Life Around with Self-Help Book,http://cdn.pastemagazine.com/www/articles/alwasysunnylead2.jpg?635422317317512078
Passion. Podcast. Profit.,https://onlinecoach1.hipcast.com/albumart/1001_1498664411.jpg
"Prince Reunites With Warner Brothers, Plans New Album",http://cdn.pastemagazine.com/www/articles/PrinceWB_Lead.jpg?635334974117435573
Here's Who Ian McShane May Be Playing in <i>Game of Thrones</i> Season Six,http://cdn.pastemagazine.com/www/articles/Ian%20McShane%20Lead.jpg?635742679438050221
Future Steve Carell Movie Set In North Korea Canceled By New Regency,http://cdn.pastemagazine.com/www/articles/carellkorealead.jpg?635547990301277185
Gary Ryan Moving Beyond Being Good®,https://gryan22.hipcast.com/albumart/1008_1585916145.jpg
"Will Ferrell, John C. Reilly in Talks for <i>Border Guards</i>",http://cdn.pastemagazine.com/www/articles/Ferrell-Reilly_lead.jpg?635332462200422399
25 Timeless <i>Golden Girls</i> Memes and Quotables,http://cdn.pastemagazine.com/www/articles/GOLDEN-GIRLS-memes-square.jpg?635764229893426243
"Long-Lost F. Scott Fitzgerald Story Rediscovered and Published, 76 Years Later",http://cdn.pastemagazine.com/www/articles/F.%20Scott%20Fitzgerald%20Lead.jpg?635740900053693219
Watch the First Episode of <i>Garfunkel and Oates</i>,http://cdn.pastemagazine.com/www/articles/GarfunkelandOates%20LEAD.jpg?635425040564740912
"J Dilla's Synthesizers, Equipment Donated to Smithsonian Museum",http://cdn.pastemagazine.com/www/articles/9870ebccb0c3407fcd0ffc1cd2d5a3cd.jpg?635416072474042721
Living in the Light with Ann Graham Lotz,https://curtismediagroup.hipcast.com/albumart/1506_1611049177.jpg
<i>The Colbert Report</i> Gets End Date,http://cdn.pastemagazine.com/www/articles/colbert%20lead.jpg?635503564873842776
Brit Marling-Zal Batmanglij Drama Series <i>The OA</i> Gets Picked Up By Netflix,http://cdn.pastemagazine.com/www/articles/Brit_Marling_by_Gage_Skidmore.jpg?635612082740061393
Chris Messina In Talks to Star Alongside Ben Affleck in <i>Live By Night</i>,http://cdn.pastemagazine.com/www/articles/chris%20messina.jpg?635765073645179719
Netflix Strikes Deal with AT&T for Faster Streaming,http://cdn.pastemagazine.com/www/articles/netflix%20leaddd.jpeg?635424148611217868
Sound Advice with John W Doyle,https://johnwdoyle.hipcast.com/albumart/1000_1435926108.jpg
"<i>The Long Dark</i> Gets First Trailer, Steam Early Access",http://cdn.pastemagazine.com/www/articles/environments6b.jpg?635416719434176619
Watch the Trailer for NBC's <i>Constantine</i>,http://cdn.pastemagazine.com/www/articles/constantine%20lead.jpg?635422098475355695
Donna Tartt's <i>The Goldfinch</i> Scores Film Adaptation,http://cdn.pastemagazine.com/www/articles/Donna%20Tartt%20514x514.jpg?635422754097924018
Air Conditioners & Parts,https://0965-cdn.doitbest.com/Data/524055.jpg?AutoCrop=1&CropHeight=520&CropWidth=520&Resize=Smallest&Revision=K30m&Timestamp=wRW7jG&Width=520
If Barbie Were The Face of The World's Most Famous Paintings,http://cdn.pastemagazine.com/www/articles/barbie_lead.jpg?635739064371483286
Aaron Paul to Play Luke Skywalker at LACMA Reading of <i>The Empire Strikes Back</i>,http://cdn.pastemagazine.com/www/articles/aaronpSquare.jpg?635544433689463791
Renegade RSS Laptop Backpack - View 21,https://eu.ogio.com/dw/image/v2/AADH_PRD/on/demandware.static/-/Sites-CGI-ItemMaster/en_PT/v1627100799671/sits/ogio-backpack-2017-renegade-rss/ogio-backpack-2017-renegade-rss_15264___3.png?sfrm=png&sw=600
Emma Watson to play Belle in Disney's <i>Beauty and the Beast</i>,http://cdn.pastemagazine.com/www/articles/emmawatsonlead%20%28Custom%29.jpg?635579365489633218
"George R.R. Martin Donates $10,000 to Wolf Sanctuary for a 13-Year-Old Fan",http://cdn.pastemagazine.com/www/articles/GRRM.jpg?635418622121419380
Director Danny Boyle Is Headed To TV With FX Deal,http://cdn.pastemagazine.com/www/articles/boylelead2.jpg?635493756596313916
Axle Laptop Backpack - View 81,https://eu.ogio.com/dw/image/v2/AADH_PRD/on/demandware.static/-/Sites-CGI-ItemMaster/en_SK/v1618115396933/sits/ogio-backpack-2017-axle/ogio-backpack-2017-axle_15275___9.png?sfrm=png&sw=600
"George R.R. Martin to Focus on Writing Next Book, World Rejoices",http://cdn.pastemagazine.com/www/articles/George%20RR%20Martin%20514x514.jpg?635633622343345550
Baby Shower Turned Meteor Shower: Anne Hathaway Fights Off Aliens in Sci-Fi Comedy <i>The Shower</i>,http://cdn.pastemagazine.com/www/articles/annehathaway_square.jpg?635766507483156309
Ava DuVernay Won't Direct <i>Black Panther</i> After All,http://cdn.pastemagazine.com/www/articles/Ava%20DuVernay%20Lead%202.jpg?635717695206410016
Renegade RSS Laptop Backpack - View 51,https://eu.ogio.com/dw/image/v2/AADH_PRD/on/demandware.static/-/Sites-CGI-ItemMaster/en_SK/v1618719952534/sits/ogio-backpack-2017-renegade-rss/ogio-backpack-2017-renegade-rss_15275___6.png?sfrm=png&sw=600
33 Screenshots of Musicians in Videogames,http://cdn.pastemagazine.com/www/articles/kurt%20cobain%20gallery%20main.jpg?635447295449617440
<i>Breaking Bad</i> Fans Get a Chance to Call Saul with Albuquerque Billboard,http://cdn.pastemagazine.com/www/articles/Saul%20LEAD.jpg?635417922811441021
"Aero 50-975035BLU 50 Series 15x7 Inch Wheel, 5 on 5 Inch BP 3-1/2 BS",https://content.speedwaymotors.com/ProductImages/25850975035BLU_L_6744ae04-5d5a-46b2-ab0a-3e7605285db3.jpg
FUSE Backpack 25 - View 81,https://eu.ogio.com/dw/image/v2/AADH_PRD/on/demandware.static/-/Sites-CGI-ItemMaster/en_FI/v1624476259240/sits/ogio-backpack-2020-fuse-25/ogio-backpack-2020-fuse-25_2___9.png?sfrm=png&sw=600
Sarah Silverman Will Star in HBO Pilot from <i>Secret Diary of a Call Girl</i> Creator,http://cdn.pastemagazine.com/www/articles/ssilverman.jpg?635545386038769560
Freddy Adu Signs For Yet Another Club You Probably Don't Know,http://cdn.pastemagazine.com/www/articles/Freddy%20Adu%20-%20Lead.jpg?635418504808909302
"Aero 31-974510BLK 31 Series 13x7 Wheel, Spun Lite 4 on 4-1/2 BP 1 BS",http://content.speedwaymotors.com/ProductImages/25831974510BLK_L_d07bf435-f73b-4793-a7de-4f8bd12790d0.jpg
Emma Watson Set to Star Alongside Tom Hanks in Film Adaptation of Dave Eggers' <i>The Circle</i>,http://cdn.pastemagazine.com/www/articles/Emma%20Watson%20Lead.jpg?635737402553290485
"Aero 31-984210BLK 31 Series 13x8 Wheel, Spun 4 on 4-1/4 BP 1 Inch BS",http://static.speedwaymotors.com/RS/SR/Product/31/25831984210BLK_R_1a913062.jpg
"Aero 31-904030RED 31 Series 13x10 Wheel, Spun Lite, 4 on 4 BP, 3 BS",http://static.speedwaymotors.com/RS/SR/Product/70/25831904030RED_R_1a912fdd.jpg
"""Daft Punk, Jay Z Collaborate on """"Computerized""""""",http://cdn.pastemagazine.com/www/articles/dp_l.jpg?635301950646533786
Netflix Hits 50 Million Subscribers,http://cdn.pastemagazine.com/www/articles/netflix%20leaddd.jpeg?635416137361756932
"Aero 52-984510BLK 52 Series 15x8 Wheel, 5 on 4-1/2 BP, 1 Inch BS IMCA",https://content.speedwaymotors.com/ProductImages/25852984510BLK_L_382a5004-6ef4-4194-afc7-21659b8a1085.jpg
"Aero 52-984720BLU 52 Series 15x8 Wheel, 5 on 4-3/4 BP, 2 Inch BS IMCA",http://static.speedwaymotors.com/RS/SR/Product/19/25852984720BLU_T_1a8d1093.jpg
Björk Explains Decision To Pull <i>Vulnicura</i> From Spotify,http://cdn.pastemagazine.com/www/articles/bjork_vulnicura_0-2.jpg?635608059156687403
"""Listen to Ricky Gervais Perform """"Slough"""" as David Brent""",http://cdn.pastemagazine.com/www/articles/davidBrentSquare.jpg?635477886929905852
Set of 6 Brother TZe-231 Black on White P-Touch Label,https://www.inkcloners.com/images/Brother/TZe-231-6.jpg?482
"Aero 30-904550RED 30 Series 13x10 Inch Wheel, 4 on 4-1/2 BP 5 Inch BS",http://static.speedwaymotors.com/RS/SR/Product/30/25830904550RED_L_1a912b32.jpg
"Aero 52-984520RED 52 Series 15x8 Wheel, 5 on 4-1/2 BP, 2 Inch BS IMCA",http://static.speedwaymotors.com/RS/SR/Product/14/25852984520RED_L_1a8d1214.jpg
"Aero 51-985020GRN 51 Series 15x8 Wheel, Spun, 5 on 5 Inch, 2 Inch BS",http://static.speedwaymotors.com/RS/SR/Product/99/25851985020GRN_T_1a8d47fa.jpg
FUSE Backpack 25 - View 41,https://eu.ogio.com/dw/image/v2/AADH_PRD/on/demandware.static/-/Sites-CGI-ItemMaster/en_DK/v1624476259240/sits/ogio-backpack-2020-fuse-25/ogio-backpack-2020-fuse-25_2___5.png?sfrm=png&sw=600
FUSE Backpack 25 - View 31,https://www.ogio.com/dw/image/v2/AADH_PRD/on/demandware.static/-/Sites-CGI-ItemMaster/en_US/v1579930292903/sits/ogio-backpack-2020-fuse-25/ogio-backpack-2020-fuse-25_15258___4.png?sfrm=png&sw=600
FUSE Backpack 25 - View 111,https://www.ogio.com/dw/image/v2/AADH_PRD/on/demandware.static/-/Sites-CGI-ItemMaster/en_US/v1600729891214/sits/ogio-backpack-2020-fuse-25/ogio-backpack-2020-fuse-25_15258___12.png?sfrm=png&sw=600
Ethan Hawke to Star as Jazz Great Chet Baker in New Biopic,http://cdn.pastemagazine.com/www/articles/Ethan%20HawkeSquare.jpg?635496708156727880
FUSE Roll Top Backpack 25 - View 61,https://eu.ogio.com/dw/image/v2/AADH_PRD/on/demandware.static/-/Sites-CGI-ItemMaster/en_IT/v1604020923761/sits/ogio-backpack-2020-fuse-25-rolltop/ogio-backpack-2020-fuse-25-rolltop_2___7.png?sfrm=png&sw=600
Renegade RSS Laptop Backpack - View 10,https://www.callawaygolf.com/dw/image/v2/AADH_PRD/on/demandware.static/-/Sites-CGI-ItemMaster/en_US/v1586026076441/sits/ogio-backpack-2017-renegade-rss/ogio-backpack-2017-renegade-rss_15264___10.png?sfrm=png
Waterford Sand Silk Stripe Swatch,http://www.halfpricedrapes.us/Resources/halfpricedraps/product/medium/DS-SLK83-SW_14357.jpg?5194
FUSE Roll Top Backpack 25 - View 91,https://eu.ogio.com/dw/image/v2/AADH_PRD/on/demandware.static/-/Sites-CGI-ItemMaster/en_PT/v1604020923761/sits/ogio-backpack-2020-fuse-25-rolltop/ogio-backpack-2020-fuse-25-rolltop_1___10.png?sfrm=png&sw=600
FUSE Backpack 25 - View 21,https://www.ogio.com/dw/image/v2/AADH_PRD/on/demandware.static/-/Sites-CGI-ItemMaster/en_US/v1614835708691/sits/ogio-backpack-2020-fuse-25/ogio-backpack-2020-fuse-25_15258___3.png?sfrm=png&sw=600
insights expert laura powers,https://images.squarespace-cdn.com/content/v1/55ef616ce4b0a40c417efe9d/1516149347957-SDCI9BZHAY6QR6VKQYE7/LAURA+HEADSHOT+online.jpg?format=750w
insights with laura god,https://images.squarespace-cdn.com/content/v1/55ef616ce4b0a40c417efe9d/1516149347957-SDCI9BZHAY6QR6VKQYE7/LAURA+HEADSHOT+online.jpg?format=750w
insights with laura po,https://images.squarespace-cdn.com/content/v1/55ef616ce4b0a40c417efe9d/1516149347957-SDCI9BZHAY6QR6VKQYE7/LAURA+HEADSHOT+online.jpg?format=750w
insights with laura high,https://images.squarespace-cdn.com/content/v1/55ef616ce4b0a40c417efe9d/1516149347957-SDCI9BZHAY6QR6VKQYE7/LAURA+HEADSHOT+online.jpg?format=750w
insights with laura pretty,https://images.squarespace-cdn.com/content/v1/55ef616ce4b0a40c417efe9d/1516149347957-SDCI9BZHAY6QR6VKQYE7/LAURA+HEADSHOT+online.jpg?format=750w
sound advice with mike wlit,https://pbs.twimg.com/profile_images/378800000858184841/9k6IY8w9_400x400.jpeg
sound advice with l w doyle,https://pbs.twimg.com/profile_images/378800000858184841/9k6IY8w9_400x400.jpeg
sound advice with john carton,https://pbs.twimg.com/profile_images/378800000858184841/9k6IY8w9_400x400.jpeg
sound advice with john huon,https://pbs.twimg.com/profile_images/378800000858184841/9k6IY8w9_400x400.jpeg
sound advice with mike w harris,https://pbs.twimg.com/profile_images/378800000858184841/9k6IY8w9_400x400.jpeg
sound advice with j w fraser,https://pbs.twimg.com/profile_images/378800000858184841/9k6IY8w9_400x400.jpeg
sound advice with alan j doyle,https://pbs.twimg.com/profile_images/378800000858184841/9k6IY8w9_400x400.jpeg
sound advice with joseph morgan doyle,https://pbs.twimg.com/profile_images/378800000858184841/9k6IY8w9_400x400.jpeg
sound advice with joe matt doyle,https://pbs.twimg.com/profile_images/378800000858184841/9k6IY8w9_400x400.jpeg
sound advice with john poon,https://pbs.twimg.com/profile_images/378800000858184841/9k6IY8w9_400x400.jpeg
sound advice with john grant doyle,https://pbs.twimg.com/profile_images/378800000858184841/9k6IY8w9_400x400.jpeg
sound advice with joseph robert doyle,https://pbs.twimg.com/profile_images/378800000858184841/9k6IY8w9_400x400.jpeg
sound advice with john anthony davis,https://pbs.twimg.com/profile_images/378800000858184841/9k6IY8w9_400x400.jpeg
sound advice with joe perry doyle,https://pbs.twimg.com/profile_images/378800000858184841/9k6IY8w9_400x400.jpeg
gentle advice with john wheaton,https://pbs.twimg.com/profile_images/378800000858184841/9k6IY8w9_400x400.jpeg
sound advice with joed day,https://pbs.twimg.com/profile_images/378800000858184841/9k6IY8w9_400x400.jpeg
sound advice with john gene doyle,https://pbs.twimg.com/profile_images/378800000858184841/9k6IY8w9_400x400.jpeg
sound advice pro john wheaton,https://pbs.twimg.com/profile_images/378800000858184841/9k6IY8w9_400x400.jpeg
sound advice with john michael davis,https://pbs.twimg.com/profile_images/378800000858184841/9k6IY8w9_400x400.jpeg
sound advice with john carlos doyle,https://pbs.twimg.com/profile_images/378800000858184841/9k6IY8w9_400x400.jpeg
air conditioners & parts,https://www.hardwareworld.com/files/pi/l7/S/KZQY.jpg
air conditioners for parts,https://www.hardwareworld.com/files/pi/l7/S/KZQY.jpg
air conditionered & parts,https://www.hardwareworld.com/files/pi/l7/S/KZQY.jpg
air conditioners carrying parts,https://www.hardwareworld.com/files/pi/l7/S/KZQY.jpg
aaron paul to play luke skywalker at lacma reading of < im > great empire strikes zimbabwe < / i >,http://cdn.pastemagazine.com/www/articles/aaronpSquare.jpg?635544433689463791
aaron paul to play being skywalker at odisc reading of < igs the empire built giant < / i apps,http://cdn.pastemagazine.com/www/articles/aaronpSquare.jpg?635544433689463791
aaron paul to play control buckwalker film lacma reading if i i > the iraq dog back < i >,http://cdn.pastemagazine.com/www/articles/aaronpSquare.jpg?635544433689463791
aaron paul to play clarissa skywalker at lacma reading of < i > the empire fire back < / i >,http://cdn.pastemagazine.com/www/articles/aaronpSquare.jpg?635544433689463791
aaron paul to play luke skywalker at lacma reading of < im the empire strikes back < / i wikipedia,http://cdn.pastemagazine.com/www/articles/aaronpSquare.jpg?635544433689463791
aaron paul to play luke skywalkers lacpace reading while < i with terrorists strikes back < / i exist,http://cdn.pastemagazine.com/www/articles/aaronpSquare.jpg?635544433689463791
aaron paul to play luke skywalker at tutu reading of books i > the fever strikes back my darling i defaulted,http://cdn.pastemagazine.com/www/articles/aaronpSquare.jpg?635544433689463791
aaron paul could play luke skywalker at lacma reading of < i > the thing started back < asir >,http://cdn.pastemagazine.com/www/articles/aaronpSquare.jpg?635544433689463791
aaron paul could play luke skywalker at lacma reading of < i > the cd started back < asir >,http://cdn.pastemagazine.com/www/articles/aaronpSquare.jpg?635544433689463791
aaron paul will play luke skywalker when lacma reading of initial c > the empire strikes back bad lie i drum,http://cdn.pastemagazine.com/www/articles/aaronpSquare.jpg?635544433689463791
aaron paul might play luke skypus at lacma reading of < i > the empire strikes back < / i >,http://cdn.pastemagazine.com/www/articles/aaronpSquare.jpg?635544433689463791
aaron paul to play clarissa skywalker at lacma reading of < i > the corporation strikes back < / i >,http://cdn.pastemagazine.com/www/articles/aaronpSquare.jpg?635544433689463791
"aero 55 - 004220 55shaft 15x10 wheel, 4 - lug, 4 on 4 - 1 / 4 bp, 2 hp bs",http://content.speedwaymotors.com/ProductImages/25831974510BLK_L_d07bf435-f73b-4793-a7de-4f8bd12790d0.jpg
"anna kendrick lamar writing primarily collection of funny, personal essays",http://cdn.pastemagazine.com/www/articles/Anna_Kendrick_March_22%2C_2014_%28cropped%29.jpg?635650297562336965
chris messina in formation to star along ben affleck in < i > live by filming < / i >,http://cdn.pastemagazine.com/www/articles/chris%20messina.jpg?635765073645179719
chris messina in talks to storm alongside ben affleck in < i > live will night < / i short,http://cdn.pastemagazine.com/www/articles/chris%20messina.jpg?635765073645179719
christopher messina in talks to star alongside madeleine affleck in < i > live by night < / e¤,http://cdn.pastemagazine.com/www/articles/chris%20messina.jpg?635765073645179719
herecase ll who ian mcshane may be playing in < i > game of thrones < / i > season six,http://cdn.pastemagazine.com/www/articles/Ian%20McShane%20Lead.jpg?635742679438050221
here's who ian galshane may be playing in < i > game of thrones < / i > season six,http://cdn.pastemagazine.com/www/articles/Ian%20McShane%20Lead.jpg?635742679438050221
gaming teacher sneer ian bradshane unlikely be experienced in books on > iii of thrones < system i > season up,http://cdn.pastemagazine.com/www/articles/Ian%20McShane%20Lead.jpg?635742679438050221
ava duvernay won't direct < i > tiger panther happy / i return after darkness,http://cdn.pastemagazine.com/www/articles/Ava%20DuVernay%20Lead%202.jpg?635717695206410016
ava duvernay won't direct < i > black swan < / i > after next,http://cdn.pastemagazine.com/www/articles/Ava%20DuVernay%20Lead%202.jpg?635717695206410016
ava duvernay won't direct < ashen black panther < / i > or all,http://cdn.pastemagazine.com/www/articles/Ava%20DuVernay%20Lead%202.jpg?635717695206410016
ava duvernay won't direct < as project black panther < / ilp or all,http://cdn.pastemagazine.com/www/articles/Ava%20DuVernay%20Lead%202.jpg?635717695206410016
ava duvernay won't direct < as project black widows < / i > or all,http://cdn.pastemagazine.com/www/articles/Ava%20DuVernay%20Lead%202.jpg?635717695206410016
ava duvernay won't direct < i > black ink < / i > after next,http://cdn.pastemagazine.com/www/articles/Ava%20DuVernay%20Lead%202.jpg?635717695206410016
ava duvernay won't direct < i > black skies < / i > after next,http://cdn.pastemagazine.com/www/articles/Ava%20DuVernay%20Lead%202.jpg?635717695206410016
ava duvernay won't direct < as bishop black panther < / i > or all,http://cdn.pastemagazine.com/www/articles/Ava%20DuVernay%20Lead%202.jpg?635717695206410016
ava duvernay won't direct < i > pale panther < / i > after all,http://cdn.pastemagazine.com/www/articles/Ava%20DuVernay%20Lead%202.jpg?635717695206410016
j dilla's synthesizers system equipment donated through smithsonian australia,http://cdn.pastemagazine.com/www/articles/9870ebccb0c3407fcd0ffc1cd2d5a3cd.jpg?635416072474042721
"##j dilla's synthesizers, equipment donated to tulsa museum",http://cdn.pastemagazine.com/www/articles/9870ebccb0c3407fcd0ffc1cd2d5a3cd.jpg?635416072474042721
set of 6 brother tx - 231 black on white p - touch label,https://www.inkcloners.com/images/Brother/TZe-231-6.jpg?482
set if 6 brother sat trans - 231 black on white p - touch label,https://www.inkcloners.com/images/Brother/TZe-231-6.jpg?482
set of 6 brother tze - 231 black on gold p - touch label,https://www.inkcloners.com/images/Brother/TZe-231-6.jpg?482
set of 6 brother tkoei 231ts on white back - touch label,https://www.inkcloners.com/images/Brother/TZe-231-6.jpg?482
set of 6 brother tze lee 231 black egg white p - touch label,https://www.inkcloners.com/images/Brother/TZe-231-6.jpg?482
set of 6 brother tn - 231 black on white p - touch label,https://www.inkcloners.com/images/Brother/TZe-231-6.jpg?482
set of smiling brother tze - 231 black on white p - touch label,https://www.inkcloners.com/images/Brother/TZe-231-6.jpg?482
set of 6 brother tze - 231 black on grey p - touch label,https://www.inkcloners.com/images/Brother/TZe-231-6.jpg?482
daniel radcliffe dons a beard and saggy jeans in trailer booth dubai gta classic < i > the gamechangers < post i3,http://cdn.pastemagazine.com/www/articles/GCDanielRadcliffeLead.png?635769102760421170
hawkgirl cast in its i think arrow < dom i > adobe < i > game < / i > spinoff series covers ncaa cw,http://cdn.pastemagazine.com/www/articles/GalleryChar_1900x900_Hawkgirl_52ab8e9dcba602.76541875.jpg?635634067326687289
hawkgirl cast in1 line > arrow < per q > / < i > flash < / ix > spinlock series for isbin,http://cdn.pastemagazine.com/www/articles/GalleryChar_1900x900_Hawkgirl_52ab8e9dcba602.76541875.jpg?635634067326687289
hawkgirl cast in < i > arrowing u i it ii whenever i > r < / i > spinoff series for russian service,http://cdn.pastemagazine.com/www/articles/GalleryChar_1900x900_Hawkgirl_52ab8e9dcba602.76541875.jpg?635634067326687289
hawkgirl caught in your i > arrow httpstale i > / < i > flashfire gr i by spinoff production agency second wall,http://cdn.pastemagazine.com/www/articles/GalleryChar_1900x900_Hawkgirl_52ab8e9dcba602.76541875.jpg?635634067326687289
hawkman cast in < i > arrow no / i > treatment in d > flash h / i > spinoff series for the cw,http://cdn.pastemagazine.com/www/articles/GalleryChar_1900x900_Hawkgirl_52ab8e9dcba602.76541875.jpg?635634067326687289
hawkgirl caught in < i > arrow https / i > / < i > flash with / i > spinoff production agency western wall,http://cdn.pastemagazine.com/www/articles/GalleryChar_1900x900_Hawkgirl_52ab8e9dcba602.76541875.jpg?635634067326687289
hawkgirl script in uф > arrow < / i > / < i orgms < / i link spin tour series for the cw,http://cdn.pastemagazine.com/www/articles/GalleryChar_1900x900_Hawkgirl_52ab8e9dcba602.76541875.jpg?635634067326687289
hawkgirl filmed underwater < peter is arrow < service i > / < r > flash < international action > spin off series for the role,http://cdn.pastemagazine.com/www/articles/GalleryChar_1900x900_Hawkgirl_52ab8e9dcba602.76541875.jpg?635634067326687289
hawkgirl cast isbn cuoco > arrow < of i > show < photo > flash < / i > kicks off pilot into the pit,http://cdn.pastemagazine.com/www/articles/GalleryChar_1900x900_Hawkgirl_52ab8e9dcba602.76541875.jpg?635634067326687289
hawkman serialized in dci > arrow < / i > as category book performance flash vut i > spinoff series join the cw,http://cdn.pastemagazine.com/www/articles/GalleryChar_1900x900_Hawkgirl_52ab8e9dcba602.76541875.jpg?635634067326687289
hawkgirl cast in with i > scream < local i platforms buffy < i > flash < special i > spinoff series for the cw,http://cdn.pastemagazine.com/www/articles/GalleryChar_1900x900_Hawkgirl_52ab8e9dcba602.76541875.jpg?635634067326687289
hawkgirl castoured by sv > arrow < / the t rex letter th > options und / v > spinoff series for mini cw,http://cdn.pastemagazine.com/www/articles/GalleryChar_1900x900_Hawkgirl_52ab8e9dcba602.76541875.jpg?635634067326687289
hawkgirl named in < ip arrow < / other files / conc > flash < his i > spin short piece for mtv real,http://cdn.pastemagazine.com/www/articles/GalleryChar_1900x900_Hawkgirl_52ab8e9dcba602.76541875.jpg?635634067326687289
hawkgirl cast in its i think arrow < dom i > adobe < i > game < / i > spinoff series covers vietnam cw,http://cdn.pastemagazine.com/www/articles/GalleryChar_1900x900_Hawkgirl_52ab8e9dcba602.76541875.jpg?635634067326687289
hawkwoman cast aside < i > character for / i > im global i > chapter < its i series spinoff series for the cw,http://cdn.pastemagazine.com/www/articles/GalleryChar_1900x900_Hawkgirl_52ab8e9dcba602.76541875.jpg?635634067326687289
hawkgirl cast pin < i > arrow < / is character / < vi > flash int / i > spinoff series following the go,http://cdn.pastemagazine.com/www/articles/GalleryChar_1900x900_Hawkgirl_52ab8e9dcba602.76541875.jpg?635634067326687289
hawkgirl cast in < i > arrow end u i it ii wheneverne > r < / i > flintoff series to movie service,http://cdn.pastemagazine.com/www/articles/GalleryChar_1900x900_Hawkgirl_52ab8e9dcba602.76541875.jpg?635634067326687289
hawkgirl named in with i > arrow an / e > / http i > flash < public iit spinoff series for gundam game,http://cdn.pastemagazine.com/www/articles/GalleryChar_1900x900_Hawkgirl_52ab8e9dcba602.76541875.jpg?635634067326687289
hawkgirl page above < i > arrow < / z > / big ad > episode < / m > spinoff production for dynasty cw,http://cdn.pastemagazine.com/www/articles/GalleryChar_1900x900_Hawkgirl_52ab8e9dcba602.76541875.jpg?635634067326687289
watch the first episode of < i > garfunkel and oates < / i >,http://cdn.pastemagazine.com/www/articles/GarfunkelandOates%20LEAD.jpg?635425040564740912
watch on introductory list because dear core values garfunkel and oates learns about ebook reader,http://cdn.pastemagazine.com/www/articles/GarfunkelandOates%20LEAD.jpg?635425040564740912
watch the first episode of < i audio garfunken and oates < level i >,http://cdn.pastemagazine.com/www/articles/GarfunkelandOates%20LEAD.jpg?635425040564740912
triangle the first edition of web i > garfunkill and oates < w i >,http://cdn.pastemagazine.com/www/articles/GarfunkelandOates%20LEAD.jpg?635425040564740912
given the text pages of zml > garfunklein and oates < wb >,http://cdn.pastemagazine.com/www/articles/GarfunkelandOates%20LEAD.jpg?635425040564740912
watch clip 4th episode of < iwas garfunkeltp oates < / i >,http://cdn.pastemagazine.com/www/articles/GarfunkelandOates%20LEAD.jpg?635425040564740912
watch the late pair of < im > garfunkz and oates whether id runs photo,http://cdn.pastemagazine.com/www/articles/GarfunkelandOates%20LEAD.jpg?635425040564740912
watch the first episode of < i morgan garfunkara and oates show igsf,http://cdn.pastemagazine.com/www/articles/GarfunkelandOates%20LEAD.jpg?635425040564740912
butterfly the first episode of < i o garfunkara and oates show i if,http://cdn.pastemagazine.com/www/articles/GarfunkelandOates%20LEAD.jpg?635425040564740912
watch the first edition western classic i1 garfunkay and oates < /t.,http://cdn.pastemagazine.com/www/articles/GarfunkelandOates%20LEAD.jpg?635425040564740912
watch clips fourteenth episode of < i > garfunkouth and oates < / i >,http://cdn.pastemagazine.com/www/articles/GarfunkelandOates%20LEAD.jpg?635425040564740912
watch the late pair of < im > garfunkan and oates whether everything i known,http://cdn.pastemagazine.com/www/articles/GarfunkelandOates%20LEAD.jpg?635425040564740912
watch the first episode of series up onlinernarfunker and oates < about i >,http://cdn.pastemagazine.com/www/articles/GarfunkelandOates%20LEAD.jpg?635425040564740912
watch the first edition of zeppelin i1 garfunkay and oates < / oxygen defaulted,http://cdn.pastemagazine.com/www/articles/GarfunkelandOates%20LEAD.jpg?635425040564740912
watch the opening episode of < misuchgarrfunkon and oates version gamelist >,http://cdn.pastemagazine.com/www/articles/GarfunkelandOates%20LEAD.jpg?635425040564740912
watch the first episode of < i > garfunkill and oates < / x files,http://cdn.pastemagazine.com/www/articles/GarfunkelandOates%20LEAD.jpg?635425040564740912
watch clip 4th episode of nos iwas garfunkel and oates < / i online,http://cdn.pastemagazine.com/www/articles/GarfunkelandOates%20LEAD.jpg?635425040564740912
aretha music files $ £3 amiga drive over patti labelle fight is with satire website,http://cdn.pastemagazine.com/www/articles/ArethaPattiFightLead.jpg?635336007908858997
aretha franklin filed cad15 million suit over patti labelle performance story world access album,http://cdn.pastemagazine.com/www/articles/ArethaPattiFightLead.jpg?635336007908858997
weretha fire files yearbreak profile intrusion into patti labelle story comments campaign satire website,http://cdn.pastemagazine.com/www/articles/ArethaPattiFightLead.jpg?635336007908858997
##yetha franklin name raiseling million lawsuit over patti labelle debut story with satire song,http://cdn.pastemagazine.com/www/articles/ArethaPattiFightLead.jpg?635336007908858997
aretha rose us wikipedia a million litigation involving patti labelle fight story parody satire website,http://cdn.pastemagazine.com/www/articles/ArethaPattiFightLead.jpg?635336007908858997
aretha franklin files $ 10 question crowd over patti labelle fight story cbc satire website,http://cdn.pastemagazine.com/www/articles/ArethaPattiFightLead.jpg?635336007908858997
wannatha studio company gains first million veto over patti labelle fight story on satire website,http://cdn.pastemagazine.com/www/articles/ArethaPattiFightLead.jpg?635336007908858997
aretha franklin book $ 10 year suitable patti labelle show story over satire online,http://cdn.pastemagazine.com/www/articles/ArethaPattiFightLead.jpg?635336007908858997
jimitha music files $ £3m fight over patti labelle fight is this satire website,http://cdn.pastemagazine.com/www/articles/ArethaPattiFightLead.jpg?635336007908858997
aretha alabama files no 5th act crowd over patti labelle sports features talk satire and,http://cdn.pastemagazine.com/www/articles/ArethaPattiFightLead.jpg?635336007908858997
aretha fire files yearbreak profile intrusion into patti labelle story comments wall satire website,http://cdn.pastemagazine.com/www/articles/ArethaPattiFightLead.jpg?635336007908858997
aretha music banner $ £315 fight over patti labelle fight is this satire website,http://cdn.pastemagazine.com/www/articles/ArethaPattiFightLead.jpg?635336007908858997
aretha fire boat year 10 million suit into patti labelle fight version on satire website,http://cdn.pastemagazine.com/www/articles/ArethaPattiFightLead.jpg?635336007908858997
aretha franklin name justice league million lawsuit over patti labelle debut project with satire song,http://cdn.pastemagazine.com/www/articles/ArethaPattiFightLead.jpg?635336007908858997
aretha franklin itfling tiger match suit over patti labelsle fight game in satire shows,http://cdn.pastemagazine.com/www/articles/ArethaPattiFightLead.jpg?635336007908858997
hastha music files $ £3m fight over patti labelle fight is this satire website,http://cdn.pastemagazine.com/www/articles/ArethaPattiFightLead.jpg?635336007908858997
arethavirus files158 million suit selling patti labelle mock out on satire offensive,http://cdn.pastemagazine.com/www/articles/ArethaPattiFightLead.jpg?635336007908858997
aretha ge files fortune15 million suit accompanying patti labelle fight game creative satire plus,http://cdn.pastemagazine.com/www/articles/ArethaPattiFightLead.jpg?635336007908858997
aretha franklin headline gonnate million cuts over patti labelle sin story australian satire website,http://cdn.pastemagazine.com/www/articles/ArethaPattiFightLead.jpg?635336007908858997
aretha alabama bridge no 5th edition crowd over patti labelle never features talk satire¦,http://cdn.pastemagazine.com/www/articles/ArethaPattiFightLead.jpg?635336007908858997
aretha franklin itfling 10 million suit over patti labelle fight bikini in satire shows,http://cdn.pastemagazine.com/www/articles/ArethaPattiFightLead.jpg?635336007908858997
< i > breaking bad < team i cup fans get a invite air call saul with albuquerque billboard,http://cdn.pastemagazine.com/www/articles/Saul%20LEAD.jpg?635417922811441021
< i > every good year / by david almost provided big chance to call saul with albuquerque chapter,http://cdn.pastemagazine.com/www/articles/Saul%20LEAD.jpg?635417922811441021
whore my sincerely broken bad t y i→ fans get a script wrong call saul onto television scene,http://cdn.pastemagazine.com/www/articles/Saul%20LEAD.jpg?635417922811441021
< i handle breaking bad throughout boxing club > tv get rare chance to call saul against albuquerque guy,http://cdn.pastemagazine.com/www/articles/Saul%20LEAD.jpg?635417922811441021
< i > breaking bad < ii i > fans get a chance to call saul with springsteen billboard,http://cdn.pastemagazine.com/www/articles/Saul%20LEAD.jpg?635417922811441021
< i > breaking bad up / llf fans could prime chance they call saul with albuquerque kids,http://cdn.pastemagazine.com/www/articles/Saul%20LEAD.jpg?635417922811441021
< i > breaking bad tennis team i x fans get a invite called call saul with albuquerque airport,http://cdn.pastemagazine.com/www/articles/Saul%20LEAD.jpg?635417922811441021
< slash > on's always sunny you / i > gang will turn your choices around with self - help book,http://cdn.pastemagazine.com/www/articles/alwasysunnylead2.jpg?635422317317512078
< perhaps a tv's never sunny < stupidest new gang toward turn your life through getting self help defaulted,http://cdn.pastemagazine.com/www/articles/alwasysunnylead2.jpg?635422317317512078
< i > ittf finds always sunny < / i indicates gang will sway whole life around another online patient help book,http://cdn.pastemagazine.com/www/articles/alwasysunnylead2.jpg?635422317317512078
< i > it's always sunny < / i > gang youths turn real life around with self - help online,http://cdn.pastemagazine.com/www/articles/alwasysunnylead2.jpg?635422317317512078
< i > it's always sunny ad / ing radio gang will turn your friendship around editor self - publishing book,http://cdn.pastemagazine.com/www/articles/alwasysunnylead2.jpg?635422317317512078
< iat it'an always sunny cd / t > gang would turn your city around with self - help book,http://cdn.pastemagazine.com/www/articles/alwasysunnylead2.jpg?635422317317512078
a false positive in boston about always sunny < int i the chorus why unite little life around offering self - help and,http://cdn.pastemagazine.com/www/articles/alwasysunnylead2.jpg?635422317317512078
< vi > this's always sunny < / i > gang will seize your life fortunes with self serving help book,http://cdn.pastemagazine.com/www/articles/alwasysunnylead2.jpg?635422317317512078
< i for it's always sunny < bar x > gang member turnt life around with self proclaimed comedy book,http://cdn.pastemagazine.com/www/articles/alwasysunnylead2.jpg?635422317317512078
new i drive it because s always sunny of / i hq gang will turn your life head with self - help defaulted,http://cdn.pastemagazine.com/www/articles/alwasysunnylead2.jpg?635422317317512078
desert us > it'on always sunny < / i > anyone will turn its life around giving self - help book,http://cdn.pastemagazine.com/www/articles/alwasysunnylead2.jpg?635422317317512078
< i > always's always sunny < / iy screen characters turn real life pets making self penned help book,http://cdn.pastemagazine.com/www/articles/alwasysunnylead2.jpg?635422317317512078
< by while this's always sunny when / ever > gang wil gather your knitting around with self - help book,http://cdn.pastemagazine.com/www/articles/alwasysunnylead2.jpg?635422317317512078
< i only it'is always sunny but from outback gang successfully trick real life critics with self - healing book,http://cdn.pastemagazine.com/www/articles/alwasysunnylead2.jpg?635422317317512078
mary i in it's always sunny < / i > gang will delay your chances around getting self - parody book,http://cdn.pastemagazine.com/www/articles/alwasysunnylead2.jpg?635422317317512078
< i > it chapter s always sunny of / i hq gang will turn your life head with self - help defaulted,http://cdn.pastemagazine.com/www/articles/alwasysunnylead2.jpg?635422317317512078
soldier i > it's always sunny ad ing on gang will weave civil friendship with editor self - help book,http://cdn.pastemagazine.com/www/articles/alwasysunnylead2.jpg?635422317317512078
god contents itr if always sunny < / i dream gang would stick your brains around with self - help book,http://cdn.pastemagazine.com/www/articles/alwasysunnylead2.jpg?635422317317512078
baby to turned meteor shower aide anne hathaway fights off aliens in sci super fi comedy < i > the shower < / email >,http://cdn.pastemagazine.com/www/articles/annehathaway_square.jpg?635766507483156309
baby to turned meteor shower aide anne hathaway fights off chemicals in sci super fi comedy < i > the showerpool / iv >,http://cdn.pastemagazine.com/www/articles/annehathaway_square.jpg?635766507483156309
breaking between the c113 among your six - pack of craft beer,http://cdn.pastemagazine.com/www/articles/beer%20five%20points%20bottle%20shop.jpg?635466197548621059
glance down past $ 12 around your quad - pack of craft beer,http://cdn.pastemagazine.com/www/articles/beer%20five%20points%20bottle%20shop.jpg?635466197548621059
breaking down the $25 in your six - pack of craft name,http://cdn.pastemagazine.com/www/articles/beer%20five%20points%20bottle%20shop.jpg?635466197548621059
breaking down the price 12 on your six - pack mexican craft beer,http://cdn.pastemagazine.com/www/articles/beer%20five%20points%20bottle%20shop.jpg?635466197548621059
the pricer other 12 up their six - pack in craft beer,http://cdn.pastemagazine.com/www/articles/beer%20five%20points%20bottle%20shop.jpg?635466197548621059
breaking down phone $ 12 up your six - pack of craft beer,http://cdn.pastemagazine.com/www/articles/beer%20five%20points%20bottle%20shop.jpg?635466197548621059
breaking down the price thirteen cents via six pack half company craft beer,http://cdn.pastemagazine.com/www/articles/beer%20five%20points%20bottle%20shop.jpg?635466197548621059
breaking down the $13 in your six - pack of boo beer,http://cdn.pastemagazine.com/www/articles/beer%20five%20points%20bottle%20shop.jpg?635466197548621059
breaking brings your $ 12 up their six - pack in craft beer,http://cdn.pastemagazine.com/www/articles/beer%20five%20points%20bottle%20shop.jpg?635466197548621059
superbjork explains decision to pull < i > vulnicingura < / i > from spotify,http://cdn.pastemagazine.com/www/articles/bjork_vulnicura_0-2.jpg?635608059156687403
< i > dj am chris farley < about ib > documentary releases first trailer,http://cdn.pastemagazine.com/www/articles/chrisfarley_lead.jpg?635714111027175372
< i > b case chris farley < / file > nbc releases partial game,http://cdn.pastemagazine.com/www/articles/chrisfarley_lead.jpg?635714111027175372
a i > i am chris farley agent / live > buffy series first trailer,http://cdn.pastemagazine.com/www/articles/chrisfarley_lead.jpg?635714111027175372
living i if dj am chris farley com / blogs bbc documentary releases comedy trailer,http://cdn.pastemagazine.com/www/articles/chrisfarley_lead.jpg?635714111027175372
< i > iman chris farley because independent i > documentary releases first trailer,http://cdn.pastemagazine.com/www/articles/chrisfarley_lead.jpg?635714111027175372
< i > alaska citizen chris farley because superhero acting means documentary movie first trailer,http://cdn.pastemagazine.com/www/articles/chrisfarley_lead.jpg?635714111027175372
living i shall god am chris farley comrock live recent documentary releases comedy trailer,http://cdn.pastemagazine.com/www/articles/chrisfarley_lead.jpg?635714111027175372
< in > i am chris farley < about ibadan documentary edition first trailer,http://cdn.pastemagazine.com/www/articles/chrisfarley_lead.jpg?635714111027175372
beaver i > i am chris farley i / i > videos releases digital trailer,http://cdn.pastemagazine.com/www/articles/chrisfarley_lead.jpg?635714111027175372
a i > will am chris farley agent / live > documentary series first trailer,http://cdn.pastemagazine.com/www/articles/chrisfarley_lead.jpg?635714111027175372
< i > i am chris farley < about ibsf documentary releases first trailer,http://cdn.pastemagazine.com/www/articles/chrisfarley_lead.jpg?635714111027175372
< i believes christian am chris farley < / i > documentary releases live trailer,http://cdn.pastemagazine.com/www/articles/chrisfarley_lead.jpg?635714111027175372
< i slash artist named chris farley < / i > documentary releases first trailer,http://cdn.pastemagazine.com/www/articles/chrisfarley_lead.jpg?635714111027175372
< i believes button am chris farley < / i > documentary releases live trailer,http://cdn.pastemagazine.com/www/articles/chrisfarley_lead.jpg?635714111027175372
< i > ihop chris farley because independent i > documentary releases first trailer,http://cdn.pastemagazine.com/www/articles/chrisfarley_lead.jpg?635714111027175372
living i if pigs am chris farley com / blogs bbc documentary releases comedy trailer,http://cdn.pastemagazine.com/www/articles/chrisfarley_lead.jpg?635714111027175372
< i > ii case chris farley < / file > album releases partial trailer,http://cdn.pastemagazine.com/www/articles/chrisfarley_lead.jpg?635714111027175372
br i so i can chris farley an owl i > documentary releases first trailer,http://cdn.pastemagazine.com/www/articles/chrisfarley_lead.jpg?635714111027175372
< i > i am chris farley < about ibiza documentary releases first trailer,http://cdn.pastemagazine.com/www/articles/chrisfarley_lead.jpg?635714111027175372
watch starring trailer as nbc featuring superman < i > constantine < becomes possible >,http://cdn.pastemagazine.com/www/articles/constantine%20lead.jpg?635422098475355695
watch the trailer for nbc'atlanta < i > constantine < / i >,http://cdn.pastemagazine.com/www/articles/constantine%20lead.jpg?635422098475355695
watch the trailer accompanying daily show s < i > constantine in totally live programming,http://cdn.pastemagazine.com/www/articles/constantine%20lead.jpg?635422098475355695
watch a trailer for nbc girls s < i > constantine hot / lit >,http://cdn.pastemagazine.com/www/articles/constantine%20lead.jpg?635422098475355695
watch shack trailer if nbc of if < i > constantine but / subsequently start,http://cdn.pastemagazine.com/www/articles/constantine%20lead.jpg?635422098475355695
watch the trailer for buffy's < i > constantine < / lit >,http://cdn.pastemagazine.com/www/articles/constantine%20lead.jpg?635422098475355695
watch the trailer for netflix's < i > constantine ho / lit >,http://cdn.pastemagazine.com/www/articles/constantine%20lead.jpg?635422098475355695
watch the trailer for dallas'was <i > constantine < / i >,http://cdn.pastemagazine.com/www/articles/constantine%20lead.jpg?635422098475355695
""" listen to ricky gervais records from paddington slough "" "" as david brent """,http://cdn.pastemagazine.com/www/articles/davidBrentSquare.jpg?635477886929905852
"saxophone epilogue of ricky gervais music "" whiskey slough "" presented as david brent """,http://cdn.pastemagazine.com/www/articles/davidBrentSquare.jpg?635477886929905852
""" listenup ricky gervais perform says sugarland love "" guise as david brent good",http://cdn.pastemagazine.com/www/articles/davidBrentSquare.jpg?635477886929905852
"1990s daft punk, jay z collaborate on "" computer computerized "" "" """,http://cdn.pastemagazine.com/www/articles/dp_l.jpg?635301950646533786
< em > south park : the stick of truth < or em > review tv viewer related platform listings,http://cdn.pastemagazine.com/www/articles/south%20park%20stick%20of%20truth%20square.jpg?635299191297936569
< em > south park : the stick of truth < / em > wheelchair ( multi - platform ),http://cdn.pastemagazine.com/www/articles/south%20park%20stick%20of%20truth%20square.jpg?635299191297936569
< em > south park : the stick of truth < by video > review single japan - triple release,http://cdn.pastemagazine.com/www/articles/south%20park%20stick%20of%20truth%20square.jpg?635299191297936569
< em > south park : best stick of truth < on video through review single premiere - group picture,http://cdn.pastemagazine.com/www/articles/south%20park%20stick%20of%20truth%20square.jpg?635299191297936569
< em > south park ride the stick of truth < / em > layout ( multi - axes ),http://cdn.pastemagazine.com/www/articles/south%20park%20stick%20of%20truth%20square.jpg?635299191297936569
< em > south park : fractured stick of truth < on video > review single premiere - supported release,http://cdn.pastemagazine.com/www/articles/south%20park%20stick%20of%20truth%20square.jpg?635299191297936569
sony won't release < i > the interview < / i > on shad,http://cdn.pastemagazine.com/www/articles/theinterviewlead.jpg?635544845263589183
pilot first notified prior release following i love the interview or / i available on unix standard,http://cdn.pastemagazine.com/www/articles/theinterviewlead.jpg?635544845263589183
sony wonka reader i < i > the interview < version with appears on mvla,http://cdn.pastemagazine.com/www/articles/theinterviewlead.jpg?635544845263589183
winning won ifps release <s imagine the interview < / i please on vd,http://cdn.pastemagazine.com/www/articles/theinterviewlead.jpg?635544845263589183
sarah wonwood tword < i > the interview request company i > on vod,http://cdn.pastemagazine.com/www/articles/theinterviewlead.jpg?635544845263589183
sony wontlet use <i > the interview podcast on tmp web gallery,http://cdn.pastemagazine.com/www/articles/theinterviewlead.jpg?635544845263589183
journalist won 'tly resume < i > the interview < / i > on tcd,http://cdn.pastemagazine.com/www/articles/theinterviewlead.jpg?635544845263589183
future won'll release < author > the interview < / transcript > on vod,http://cdn.pastemagazine.com/www/articles/theinterviewlead.jpg?635544845263589183
sony wont t release < of > the interview wikipedia / i > on rbd,http://cdn.pastemagazine.com/www/articles/theinterviewlead.jpg?635544845263589183
patient c'll die for author speak the interview book selected transcript content streaming vod,http://cdn.pastemagazine.com/www/articles/theinterviewlead.jpg?635544845263589183
killer refuses't to u i and the interview < / literature community on clean internet,http://cdn.pastemagazine.com/www/articles/theinterviewlead.jpg?635544845263589183
frantic belter entering their i > daredevil < parody script > season several you who got dead new villain appoint,http://cdn.pastemagazine.com/www/articles/Daredevil.jpg?635715723368404272
digital switcher joins detachment i > daredevil < intra i > season j wondering who will a new villain be?,http://cdn.pastemagazine.com/www/articles/Daredevil.jpg?635715723368404272
ruthless punishnger joins < i > daredevil < / urs thirty two includes whoever will thy titular act represent can,http://cdn.pastemagazine.com/www/articles/Daredevil.jpg?635715723368404272
"belcher detachment joins < i > daredevil < / i services season pilot, masked will the new series be?",http://cdn.pastemagazine.com/www/articles/Daredevil.jpg?635715723368404272
"big punisher joins < i3 daredevil < / ip > season over, who will be new villain be off",http://cdn.pastemagazine.com/www/articles/Daredevil.jpg?635715723368404272
"reptarer joins < i > daredevil < / i > season two, who will the new agent be present",http://cdn.pastemagazine.com/www/articles/Daredevil.jpg?635715723368404272
"determined shocker joins < i > daredevil < name i > score two, who assume the titular villainity?",http://cdn.pastemagazine.com/www/articles/Daredevil.jpg?635715723368404272
"frantic shocker entering their i > daredevil < / script > season several, who got then new villain appoint ing",http://cdn.pastemagazine.com/www/articles/Daredevil.jpg?635715723368404272
"as punish dodgers joins < im > daredevil < / web > thirty two, including will tha new villain be?",http://cdn.pastemagazine.com/www/articles/Daredevil.jpg?635715723368404272
"powerless punisher joins < i3 daredevil < has ip for special script, who chosen be new villain jerk off",http://cdn.pastemagazine.com/www/articles/Daredevil.jpg?635715723368404272
talks into contemporary grasling problem buddhist ethics,https://img.tineye.com/result/335f2340dab493ff340b5571358adb5094f16c541bf29f058accf727c17c3534-2?size=160
freddy adu signs life bell philadelphia club a can don'til know,http://cdn.pastemagazine.com/www/articles/Freddy%20Adu%20-%20Lead.jpg?635418504808909302
freddy adu signs cast yet they clear heading united aren'twod,http://cdn.pastemagazine.com/www/articles/Freddy%20Adu%20-%20Lead.jpg?635418504808909302
freddy adu signs for yet another cricketing league ko'il forever,http://cdn.pastemagazine.com/www/articles/Freddy%20Adu%20-%20Lead.jpg?635418504808909302
freddy adu signs after by unpublished club you probably don like t think,http://cdn.pastemagazine.com/www/articles/Freddy%20Adu%20-%20Lead.jpg?635418504808909302
freddy adu signs life ep philadelphia club no can don'til know,http://cdn.pastemagazine.com/www/articles/Freddy%20Adu%20-%20Lead.jpg?635418504808909302
sentinel i by x - men shows days of future past < / sr > adams joins vince gilligan interactive s < to > battle creek < n i > library,http://cdn.pastemagazine.com/www/articles/xmen_Lead.jpg?635302258433891622
< i > homeless men : days of future past < / i > tv joins vince gilligan'long draft i > turtle creek < / i > pilot,http://cdn.pastemagazine.com/www/articles/xmen_Lead.jpg?635302258433891622
< i > x - fighters : days of future wariv / i canonical director joins walt gilligan's < i top mill creek < t i > pilot,http://cdn.pastemagazine.com/www/articles/xmen_Lead.jpg?635302258433891622
< i is x - men : days of future past < / c > director joins barry gilligan's < ia > wolf creek < / i > youtube,http://cdn.pastemagazine.com/www/articles/xmen_Lead.jpg?635302258433891622
< i > x - men : days of future past and her i > quinn joins emily gill miller's everything u > battleive cw / i > with,http://cdn.pastemagazine.com/www/articles/xmen_Lead.jpg?635302258433891622
< i rich x x men : days of future past series / z > team joins vince ladigan'sharp volume i > dialogue creek < such i > pilot,http://cdn.pastemagazine.com/www/articles/xmen_Lead.jpg?635302258433891622
< i possible x - men from days of future past < / i > director joins hank gilligan theater s < i > battle creek < / i > billboard,http://cdn.pastemagazine.com/www/articles/xmen_Lead.jpg?635302258433891622
< cw is x - men : days of future past < / c production director joins barry gilligan'ear through ia > owl city < / i would work,http://cdn.pastemagazine.com/www/articles/xmen_Lead.jpg?635302258433891622
<i > x - men : days of future past limerick / i > panel joins vince crigan'installation < i > battle experience < / i > pilot,http://cdn.pastemagazine.com/www/articles/xmen_Lead.jpg?635302258433891622
< i > lizard - men : days of future time < oh i > director joins dick gillan esq s < h > battle creek < her i > pilot,http://cdn.pastemagazine.com/www/articles/xmen_Lead.jpg?635302258433891622
< i enough x - men : days of future past novel do i > director details vince plies'ongoing < i from battle matrix < c ir > pilot,http://cdn.pastemagazine.com/www/articles/xmen_Lead.jpg?635302258433891622
l word > x - men : days of future past < its i communication panel joins vince gilligan fight arm < i exits battle creek < / w > double,http://cdn.pastemagazine.com/www/articles/xmen_Lead.jpg?635302258433891622
< i > xmas men : days of future past < / i > director joins chuck gilligan's < i > rogue productions < actual i > pilot,http://cdn.pastemagazine.com/www/articles/xmen_Lead.jpg?635302258433891622
< i > x - men : days of future past < / i > director reading vince gilligan's < i > battle creek < / i > pilot,http://cdn.pastemagazine.com/www/articles/xmen_Lead.jpg?635302258433891622
protein i > x - men : days of future past < / i > director joins janet gilligan's < i > battle creek < / i > pilot,http://cdn.pastemagazine.com/www/articles/xmen_Lead.jpg?635302258433891622
rambo roller seats rich spin soccer off - sylvester stallone gibt die,https://www.movie-infos.net/cms/FileDownload/60-Sylvester-Stallone/?s=789406fd9f7cc06909087d8b24dc08eefc07f48f
rambo 5 und up spin off off book carrie stallone hibt updates,https://www.movie-infos.net/cms/FileDownload/60-Sylvester-Stallone/?s=789406fd9f7cc06909087d8b24dc08eefc07f48f
housebo 5 und up spin off off book sylvester stallone hibt updates,https://www.movie-infos.net/cms/FileDownload/60-Sylvester-Stallone/?s=789406fd9f7cc06909087d8b24dc08eefc07f48f
rambo orchestra und groove spin off off - sylvester stallone lebt movement,https://www.movie-infos.net/cms/FileDownload/60-Sylvester-Stallone/?s=789406fd9f7cc06909087d8b24dc08eefc07f48f
##murabo l und b spin - off - sylvester stallone gibt qu,https://www.movie-infos.net/cms/FileDownload/60-Sylvester-Stallone/?s=789406fd9f7cc06909087d8b24dc08eefc07f48f
rambo couch und grey spin off off book sylvester stallone hirt updates,https://www.movie-infos.net/cms/FileDownload/60-Sylvester-Stallone/?s=789406fd9f7cc06909087d8b24dc08eefc07f48f
rambo roller ken dodd spin tv off - sylvester stallone gibt die,https://www.movie-infos.net/cms/FileDownload/60-Sylvester-Stallone/?s=789406fd9f7cc06909087d8b24dc08eefc07f48f
dodgebo 5 und rocky spin - off creator sylvester stallone gibt updates,https://www.movie-infos.net/cms/FileDownload/60-Sylvester-Stallone/?s=789406fd9f7cc06909087d8b24dc08eefc07f48f
rambo 5 und onward spin - off creator sylvester stallone gibt updates,https://www.movie-infos.net/cms/FileDownload/60-Sylvester-Stallone/?s=789406fd9f7cc06909087d8b24dc08eefc07f48f
fbo 5 und rocky spin - off - sylvester stallone gibt updates,https://www.movie-infos.net/cms/FileDownload/60-Sylvester-Stallone/?s=789406fd9f7cc06909087d8b24dc08eefc07f48f
"will ferrell, johni ross reilly steering line for canful usr fm < / iult",http://cdn.pastemagazine.com/www/articles/Ferrell-Reilly_lead.jpg?635332462200422399
"will ferrell, barry c la reilly in dialogue over console with > borderlands < for iad",http://cdn.pastemagazine.com/www/articles/Ferrell-Reilly_lead.jpg?635332462200422399
"will ferrell, barry c charles reilly in talks for < i > ac traffic channel / i word",http://cdn.pastemagazine.com/www/articles/Ferrell-Reilly_lead.jpg?635332462200422399
will ferrell and annie c. reilly book talks for agents i throughout border service more / i >,http://cdn.pastemagazine.com/www/articles/Ferrell-Reilly_lead.jpg?635332462200422399
will ferrell flyer proc. reilly for talks for a link public will radio < / i >,http://cdn.pastemagazine.com/www/articles/Ferrell-Reilly_lead.jpg?635332462200422399
"will ferrell, paddy c. reilly in talks so margaret i > dawn guards < / iand",http://cdn.pastemagazine.com/www/articles/Ferrell-Reilly_lead.jpg?635332462200422399
will ferrell with jimmy c carry reilly in vehicle for < i > border guards < u c >,http://cdn.pastemagazine.com/www/articles/Ferrell-Reilly_lead.jpg?635332462200422399
"will ferrell, john c. reilly book talks for < i > bicycle guards < / i >",http://cdn.pastemagazine.com/www/articles/Ferrell-Reilly_lead.jpg?635332462200422399
"will ferrell, johnc d reilly steering line for canful usr fm < / i bloody",http://cdn.pastemagazine.com/www/articles/Ferrell-Reilly_lead.jpg?635332462200422399
25 timeless < i > golden girls an / i > me novels and quotables,http://cdn.pastemagazine.com/www/articles/GOLDEN-GIRLS-memes-square.jpg?635764229893426243
future steve carefree original set in north korea canceled selected new offers,http://cdn.pastemagazine.com/www/articles/carellkorealead.jpg?635547990301277185
tv steve carean filming set in revolutionary korea library via novel article,http://cdn.pastemagazine.com/www/articles/carellkorealead.jpg?635547990301277185
future steve carelic movie live form north korea canceled by new edition,http://cdn.pastemagazine.com/www/articles/carellkorealead.jpg?635547990301277185
giant steve carell movie set in northwest seattle canceled npr arts reporter,http://cdn.pastemagazine.com/www/articles/carellkorealead.jpg?635547990301277185
future steve carefree books set in north queensland canceled selected author offers,http://cdn.pastemagazine.com/www/articles/carellkorealead.jpg?635547990301277185
southern steve careell thriller set in north korea with talk radio regency,http://cdn.pastemagazine.com/www/articles/carellkorealead.jpg?635547990301277185
potential steve carelic movie over someplace north alabama canceled by preservation science,http://cdn.pastemagazine.com/www/articles/carellkorealead.jpg?635547990301277185
gigantic steve carewald movie live form off originally canceled by new access,http://cdn.pastemagazine.com/www/articles/carellkorealead.jpg?635547990301277185
cancelled steve careck film filmed completely north korean phoenix are new name,http://cdn.pastemagazine.com/www/articles/carellkorealead.jpg?635547990301277185
1960s steve carefree blockbuster set in north korea canceled selected new schedules,http://cdn.pastemagazine.com/www/articles/carellkorealead.jpg?635547990301277185
dying steve carew movie made in unified poland canceled with new comedy,http://cdn.pastemagazine.com/www/articles/carellkorealead.jpg?635547990301277185
"watch twice more passion pit digital 1st us video, "" are never going south because new "" trailer opening",http://cdn.pastemagazine.com/www/articles/LiftedUpPassionPitLead.png?635631739914404090
"wide watchen passion pit hits snes series, early "" lifted up ( mix generation "" singles videos",http://cdn.pastemagazine.com/www/articles/LiftedUpPassionPitLead.png?635631739914404090
"tank watch : passion pit's accompanying teaser takes "" pretty ugly bullet kid death ) scene "" """,http://cdn.pastemagazine.com/www/articles/LiftedUpPassionPitLead.png?635631739914404090
"fast motorcycle : passion pit'works new lead video "" some lifted up ca 1985h "" by video",http://cdn.pastemagazine.com/www/articles/LiftedUpPassionPitLead.png?635631739914404090
warrior danny boyle starts streaming to tv with fx deal,http://cdn.pastemagazine.com/www/articles/boylelead2.jpg?635493756596313916
director danny boyle is moving to english novel pat deal,http://cdn.pastemagazine.com/www/articles/boylelead2.jpg?635493756596313916
director danny boyle officially limited to tv with warner productions,http://cdn.pastemagazine.com/www/articles/boylelead2.jpg?635493756596313916
drunk danny boyle becomes soundtracks to movies with fx deal,http://cdn.pastemagazine.com/www/articles/boylelead2.jpg?635493756596313916
mothers influence call that ancient hippo,https://ugandawildlife.org/wp-content/uploads/2022/05/hippo.jpeg
big influence giving become a hippo,https://ugandawildlife.org/wp-content/uploads/2022/05/hippo.jpeg
mothers influence call storm generation hippo,https://ugandawildlife.org/wp-content/uploads/2022/05/hippo.jpeg
christ influence the her young hippo,https://ugandawildlife.org/wp-content/uploads/2022/05/hippo.jpeg
mothers influence featuring real good hippo,https://ugandawildlife.org/wp-content/uploads/2022/05/hippo.jpeg
mothers influence giving gabriel a hippo,https://ugandawildlife.org/wp-content/uploads/2022/05/hippo.jpeg
mothers influence plays her sister hippo,https://ugandawildlife.org/wp-content/uploads/2022/05/hippo.jpeg
mothers influence into her space hippo,https://ugandawildlife.org/wp-content/uploads/2022/05/hippo.jpeg
mothers influence giving someone urban hippo,https://ugandawildlife.org/wp-content/uploads/2022/05/hippo.jpeg
mothers column on generation young hippo,https://ugandawildlife.org/wp-content/uploads/2022/05/hippo.jpeg
mothers influence call that leader hippo,https://ugandawildlife.org/wp-content/uploads/2022/05/hippo.jpeg
great influence on her dear hippo,https://ugandawildlife.org/wp-content/uploads/2022/05/hippo.jpeg
mothers influence on her aunt hippo,https://ugandawildlife.org/wp-content/uploads/2022/05/hippo.jpeg
mothers influence giving buffy a hippo,https://ugandawildlife.org/wp-content/uploads/2022/05/hippo.jpeg
mothers influence on your bad hippo,https://ugandawildlife.org/wp-content/uploads/2022/05/hippo.jpeg
mothers influence on real wayne hippo,https://ugandawildlife.org/wp-content/uploads/2022/05/hippo.jpeg
mothers influence the swedish young hippo,https://ugandawildlife.org/wp-content/uploads/2022/05/hippo.jpeg
35 blank titles for the < i save mrs. doubtfire author / i > starting,http://cdn.pastemagazine.com/www/articles/Doubtfire_Lead.jpg?635333416831236547
there's a < i > loop. doubtfire library entry help notes sequel in the works,http://cdn.pastemagazine.com/www/articles/Doubtfire_Lead.jpg?635333416831236547
technician writing titles showing the <i > mrs love doubtfire < / i button sequel,http://cdn.pastemagazine.com/www/articles/Doubtfire_Lead.jpg?635333416831236547
lighthouse doesn s change where any > mrs muir doubtfire < d i > novel in the works,http://cdn.pastemagazine.com/www/articles/Doubtfire_Lead.jpg?635333416831236547
35 possible coins for the < whorove mrs o doubtfire library plantickety sequel,http://cdn.pastemagazine.com/www/articles/Doubtfire_Lead.jpg?635333416831236547
passenger's a < i > mrs. doubtfire < / i > sequel in the tail,http://cdn.pastemagazine.com/www/articles/Doubtfire_Lead.jpg?635333416831236547
35 possible titles for mary < i > g. doubtfire < / cry > windows,http://cdn.pastemagazine.com/www/articles/Doubtfire_Lead.jpg?635333416831236547
35 possible titles find new agent i > mrsl doubtfire < / i > work,http://cdn.pastemagazine.com/www/articles/Doubtfire_Lead.jpg?635333416831236547
lighthouse doesnitic everything makey > mrs warren doubtfire < d i > novel in the mix,http://cdn.pastemagazine.com/www/articles/Doubtfire_Lead.jpg?635333416831236547
ghost's a < i > h. doubtfire < / i > sequel in the works,http://cdn.pastemagazine.com/www/articles/Doubtfire_Lead.jpg?635333416831236547
there's song < on > live. doubtfire < us i novel sequel in the works,http://cdn.pastemagazine.com/www/articles/Doubtfire_Lead.jpg?635333416831236547
predator's a < i > h. doubtfire < / i > sequel in the works,http://cdn.pastemagazine.com/www/articles/Doubtfire_Lead.jpg?635333416831236547
millions possible titles for i < w > mrs regular doubtfire but closed ok go response,http://cdn.pastemagazine.com/www/articles/Doubtfire_Lead.jpg?635333416831236547
35 hundred titles up the < linkbook moon jennifer doubtfire works its ia sequel,http://cdn.pastemagazine.com/www/articles/Doubtfire_Lead.jpg?635333416831236547
seal's a < i > ms. doubtfire library entry help notes sequel in the works,http://cdn.pastemagazine.com/www/articles/Doubtfire_Lead.jpg?635333416831236547
< i > the colbert report love com i > gets end date,http://cdn.pastemagazine.com/www/articles/colbert%20lead.jpg?635503564873842776
< get > the colbert report save s kidding > gets extension bit,http://cdn.pastemagazine.com/www/articles/colbert%20lead.jpg?635503564873842776
< i > the colbert highness < ll i > gets starting date,http://cdn.pastemagazine.com/www/articles/colbert%20lead.jpg?635503564873842776
< ir > the colbert report < aunt i > gets extension date,http://cdn.pastemagazine.com/www/articles/colbert%20lead.jpg?635503564873842776
< i > team colbert report < / i > gets game date,http://cdn.pastemagazine.com/www/articles/colbert%20lead.jpg?635503564873842776
< i > the colbert report slash com i > gets end date,http://cdn.pastemagazine.com/www/articles/colbert%20lead.jpg?635503564873842776
< i > the colbert papers < ll i > gets starting date,http://cdn.pastemagazine.com/www/articles/colbert%20lead.jpg?635503564873842776
< i > the colbert report < bbc i > gets ending date,http://cdn.pastemagazine.com/www/articles/colbert%20lead.jpg?635503564873842776
< i > super colbert report family / i > gets end date,http://cdn.pastemagazine.com/www/articles/colbert%20lead.jpg?635503564873842776
< get > tv colbert report clan s kidding > gets extension bit,http://cdn.pastemagazine.com/www/articles/colbert%20lead.jpg?635503564873842776
prince consults with warner sap australia pursuing new work,http://cdn.pastemagazine.com/www/articles/PrinceWB_Lead.jpg?635334974117435573
prince consults with warnersmac pursuing literary work,http://cdn.pastemagazine.com/www/articles/PrinceWB_Lead.jpg?635334974117435573
prince queues with warnersmac rights production work,http://cdn.pastemagazine.com/www/articles/PrinceWB_Lead.jpg?635334974117435573
prince consultrs past lehman brothers on recorded new album,http://cdn.pastemagazine.com/www/articles/PrinceWB_Lead.jpg?635334974117435573
prince reunites with warner tools by plans new girl,http://cdn.pastemagazine.com/www/articles/PrinceWB_Lead.jpg?635334974117435573
readies previously unpublished of walter scott fitzgerald story,http://cdn.pastemagazine.com/www/articles/F.%20Scott%20Fitzgerald%20Lead.jpg?635739643545260036
"longstanding lost f. scott fitzgerald story rediscovered and filmed, 76 steps¦",http://cdn.pastemagazine.com/www/articles/F.%20Scott%20Fitzgerald%20Lead.jpg?635739643545260036
run over fictional far scott fitzgerald wrote destined for bloom sold for years inside,http://cdn.pastemagazine.com/www/articles/F.%20Scott%20Fitzgerald%20Lead.jpg?635739643545260036
museum a deliberately unpublished l. scott fitzgerald story,http://cdn.pastemagazine.com/www/articles/F.%20Scott%20Fitzgerald%20Lead.jpg?635739643545260036
"self evolutionary study fr. scott fitzgerald story prepared and authored, its reader uncertain",http://cdn.pastemagazine.com/www/articles/F.%20Scott%20Fitzgerald%20Lead.jpg?635739643545260036
long evolutionary study fr walter scott fitzgerald continually prepared and authored book being sex uncertain,http://cdn.pastemagazine.com/www/articles/F.%20Scott%20Fitzgerald%20Lead.jpg?635739643545260036
donna tartt's if i > love gold grinch u / i house scores novel adaptation,http://cdn.pastemagazine.com/www/articles/Donna%20Tartt%20514x514.jpg?635422754097924018
passion with podcast with his record,https://pbs.twimg.com/profile_images/781176820200710144/CflUTYo8_400x400.jpg
living in the light theatre ann graham lotz,"https://static.wixstatic.com/media/668fab_2d492d5a0c6446cea936a34ae0b6108c%7Emv2.jpg/v1/crop/x_0,y_2,w_219,h_219/fill/w_280,h_280,al_c,lg_1,q_80/lotz-2x.webp"
body talking sweet business with ann graham lotz,"https://static.wixstatic.com/media/668fab_2d492d5a0c6446cea936a34ae0b6108c%7Emv2.jpg/v1/crop/x_0,y_2,w_219,h_219/fill/w_280,h_280,al_c,lg_1,q_80/lotz-2x.webp"
light within the bubble with engineer graham lotz,"https://static.wixstatic.com/media/668fab_2d492d5a0c6446cea936a34ae0b6108c%7Emv2.jpg/v1/crop/x_0,y_2,w_219,h_219/fill/w_280,h_280,al_c,lg_1,q_80/lotz-2x.webp"
bear beyond night light with ann graham lotz,"https://static.wixstatic.com/media/668fab_2d492d5a0c6446cea936a34ae0b6108c%7Emv2.jpg/v1/crop/x_0,y_2,w_219,h_219/fill/w_280,h_280,al_c,lg_1,q_80/lotz-2x.webp"
kitten breathing the light with ann graham lotz,"https://static.wixstatic.com/media/668fab_2d492d5a0c6446cea936a34ae0b6108c%7Emv2.jpg/v1/crop/x_0,y_2,w_219,h_219/fill/w_280,h_280,al_c,lg_1,q_80/lotz-2x.webp"
windmill within the zone with jan graham lotz,"https://static.wixstatic.com/media/668fab_2d492d5a0c6446cea936a34ae0b6108c%7Emv2.jpg/v1/crop/x_0,y_2,w_219,h_219/fill/w_280,h_280,al_c,lg_1,q_80/lotz-2x.webp"
body meets sweet light with ann graham lotz,"https://static.wixstatic.com/media/668fab_2d492d5a0c6446cea936a34ae0b6108c%7Emv2.jpg/v1/crop/x_0,y_2,w_219,h_219/fill/w_280,h_280,al_c,lg_1,q_80/lotz-2x.webp"
bear beyond speed light with ann graham lotz,"https://static.wixstatic.com/media/668fab_2d492d5a0c6446cea936a34ae0b6108c%7Emv2.jpg/v1/crop/x_0,y_2,w_219,h_219/fill/w_280,h_280,al_c,lg_1,q_80/lotz-2x.webp"
little beyond other voices with ann graham lotz,"https://static.wixstatic.com/media/668fab_2d492d5a0c6446cea936a34ae0b6108c%7Emv2.jpg/v1/crop/x_0,y_2,w_219,h_219/fill/w_280,h_280,al_c,lg_1,q_80/lotz-2x.webp"
living astronaut no light with ann graham lotz,"https://static.wixstatic.com/media/668fab_2d492d5a0c6446cea936a34ae0b6108c%7Emv2.jpg/v1/crop/x_0,y_2,w_219,h_219/fill/w_280,h_280,al_c,lg_1,q_80/lotz-2x.webp"
george rley r mead martin to reflect on writing next book brave world rejoices,http://cdn.pastemagazine.com/www/articles/George%20RR%20Martin%20514x514.jpg?635633622343345550
"george r. r. martin to focus on writing novel book, dizzajo city",http://cdn.pastemagazine.com/www/articles/George%20RR%20Martin%20514x514.jpg?635633622343345550
george m. r martin to focus on online network fictional close world parajo photo,http://cdn.pastemagazine.com/www/articles/George%20RR%20Martin%20514x514.jpg?635633622343345550
"george r. scott. martin donates $ 10, 000 to wolf sanctuary for a 13 - boy - old fan",http://cdn.pastemagazine.com/www/articles/GRRM.jpg?635418622121419380
"george p. r. martin donates $ 10, 000 to wolf sanctuary for a 13 - year - old fan",http://cdn.pastemagazine.com/www/articles/GRRM.jpg?635418622121419380
emma watson to play belle in disney panda s < i > beauty hat you beast < / i >,http://cdn.pastemagazine.com/www/articles/emmawatsonlead%20%28Custom%29.jpg?635579365489633218
""" jamun the dead weather's new song, perhaps "" buzzkill ( er ) "" "" no",http://cdn.pastemagazine.com/www/articles/deadWeatherSquare.jpg?635503052761724555
""" jazz along young dead weather'song first radio play featured "" rush class ( er ) "" opens """,http://cdn.pastemagazine.com/www/articles/deadWeatherSquare.jpg?635503052761724555
"owl hear how the dead weather name its new call, "" "" firewall ( er whato "" """,http://cdn.pastemagazine.com/www/articles/deadWeatherSquare.jpg?635503052761724555
"killer mike "" listen to the dead weather's new song, "" co "" with buzzkill ( er ) love "" wrong "" "" "" """,http://cdn.pastemagazine.com/www/articles/deadWeatherSquare.jpg?635503052761724555
""" unofficial "" link resembling the dead weather's beginnings series as "" "" "" "" buzz just wants er ) "" "" "" over cool "" """,http://cdn.pastemagazine.com/www/articles/deadWeatherSquare.jpg?635503052761724555
""" hosted by listenup air dead weather says first new message screen "" "" "" entitled buzzy stay er ) "" about "" breakdown it "" """,http://cdn.pastemagazine.com/www/articles/deadWeatherSquare.jpg?635503052761724555
""" cd la listen to the dead weather sparkles new program show "" d "" sayiekillle errah "" "" ii "" "" "" """,http://cdn.pastemagazine.com/www/articles/deadWeatherSquare.jpg?635503052761724555
"big cut to the dead weather's new offering titled "" "" buzz kill sing eru story style """,http://cdn.pastemagazine.com/www/articles/deadWeatherSquare.jpg?635503052761724555
""" listenable the dead weather dranight song, "" real anticide diet update event clip briefly uncredited",http://cdn.pastemagazine.com/www/articles/deadWeatherSquare.jpg?635503052761724555
"passenger listen to the dead weather rock s new verse, say "" buzzkill while er ) ""a """,http://cdn.pastemagazine.com/www/articles/deadWeatherSquare.jpg?635503052761724555
"dying girl "" listen using the dead weather's new song, "" "" "" "" touchkill ( er ) "" "" "" "" die "" """,http://cdn.pastemagazine.com/www/articles/deadWeatherSquare.jpg?635503052761724555
netflix hits 50 lifetime subscribers,http://cdn.pastemagazine.com/www/articles/netflix%20leaddd.jpeg?635416137361756932
netflix products deal with bb & t for community streaming,http://cdn.pastemagazine.com/www/articles/netflix%20leaddd.jpeg?635416137361756932
netflix hits and million subscribers,http://cdn.pastemagazine.com/www/articles/netflix%20leaddd.jpeg?635416137361756932
netflix affiliated law firm its due must for faster life,http://cdn.pastemagazine.com/www/articles/netflix%20leaddd.jpeg?635416137361756932
netflix extended deal with at & t college viral data,http://cdn.pastemagazine.com/www/articles/netflix%20leaddd.jpeg?635416137361756932
netflix strikes deal with bb & t for lifetime streaming,http://cdn.pastemagazine.com/www/articles/netflix%20leaddd.jpeg?635416137361756932
netflix strikes copyright firm visa due must for faster videos,http://cdn.pastemagazine.com/www/articles/netflix%20leaddd.jpeg?635416137361756932
netflix may deal with at and t for faster translation,http://cdn.pastemagazine.com/www/articles/netflix%20leaddd.jpeg?635416137361756932
netflix strikes deal with at & t for encore streaming,http://cdn.pastemagazine.com/www/articles/netflix%20leaddd.jpeg?635416137361756932